{
  "created_at": 1784462807.9931376,
  "level": 2,
  "mode": "keep",
  "pause_at_chunk": 9,
  "chunks_during_pause": 0,
  "level_zero_seconds": 0.3902629720978439,
  "sleep_seconds": 0.19049956207163632,
  "hold_seconds": 300.0000959751196,
  "wake_seconds": 149.30167660396546,
  "wake_to_first_chunk_seconds": 68.98749119788408,
  "stream_finished": true,
  "stream_error": [],
  "pause_and_restore_seconds": 539.9915067311376,
  "resume_critical_path_seconds": 218.28916780184954,
  "prompt_characters": 29657,
  "hibercache_files_before": 7,
  "hibercache_files_after": 7,
  "hibercache_bytes_before": 103811344,
  "hibercache_bytes_after": 103811344,
  "baseline_characters": 314,
  "resumed_characters": 333,
  "exact_match": false,
  "baseline_sha256": "ecb8d1ff3e51a3bf0852947a831053413f2e92b891cfbe0c44a0f969b9dea6ad",
  "resumed_sha256": "5a4ff5e09b7fe6ce70d784c2fdd7f05f18cec8f39e2676378712a03f2ef7aa76"
}