{
  "created_at": 1784462994.566916,
  "level": 0,
  "mode": "keep",
  "pause_at_chunk": 9,
  "chunks_during_pause": 0,
  "level_zero_seconds": 0.0,
  "sleep_seconds": 0.4407470030710101,
  "hold_seconds": 2.000087260035798,
  "wake_seconds": 0.007385377073660493,
  "wake_to_first_chunk_seconds": 1.021038712002337,
  "stream_finished": true,
  "stream_error": [],
  "pause_and_restore_seconds": 26.025395385921,
  "resume_critical_path_seconds": 1.0284240890759975,
  "prompt_characters": 29657,
  "hibercache_files_before": 7,
  "hibercache_files_after": 7,
  "hibercache_bytes_before": 103811344,
  "hibercache_bytes_after": 103811344,
  "baseline_characters": 311,
  "resumed_characters": 326,
  "exact_match": false,
  "baseline_sha256": "b4b53c2dd7bd9c189fada735b24408770b8861cd7bf3db1f4bdebed58b8db1c4",
  "resumed_sha256": "19dfa2830b3de8e4c73797416555cbf13daf374a654cc9a4b7fc2d82772b1494"
}