{
  "created_at": 1784464725.422039,
  "level": 1,
  "mode": "keep",
  "pause_at_chunk": 9,
  "chunks_during_pause": 0,
  "level_zero_seconds": 0.3566267490386963,
  "sleep_seconds": 33.70014189812355,
  "hold_seconds": 300.00010034884326,
  "wake_seconds": 1.2975408879574388,
  "wake_to_first_chunk_seconds": 54.262635325081646,
  "stream_finished": true,
  "stream_error": [],
  "pause_and_restore_seconds": 412.5318150999956,
  "resume_critical_path_seconds": 55.560176213039085,
  "prompt_characters": 29657,
  "hibercache_files_before": 7,
  "hibercache_files_after": 7,
  "hibercache_bytes_before": 103811344,
  "hibercache_bytes_after": 103811344,
  "baseline_characters": 311,
  "resumed_characters": 317,
  "exact_match": false,
  "baseline_sha256": "7ae9024376718baa77a6844c77d67597b5a823f2ceba468592d68965f4684f17",
  "resumed_sha256": "454b5d4574ba00203ef8066cd63916633458e945aeab4bc4295c3f5e66fe6a04"
}