{
  "created_at": 1784460000,
  "device": "NVIDIA RTX PRO 6000 Blackwell Max-Q Workstation Edition",
  "results": [
    {
      "active_blocks": 2048,
      "active_state_bytes": 225003520,
      "allocated_kv_bytes": 8117485390,
      "arm": "keep_gpu",
      "block_bytes": 109865,
      "exact_active_state": true,
      "gpu_free_before_bytes": 101339627520,
      "gpu_reclaimed_bytes": 0,
      "gpu_total_bytes": 101974081536,
      "hold_seconds": 300.0001042999793,
      "interruption_seconds": 0.00012266007252037525,
      "pause_seconds": 300.0,
      "peak_gpu_bytes": 8118091776,
      "pressure_admitted": false,
      "pressure_bytes": 96636764160,
      "restore_seconds": 0.000038980040699243546,
      "snapshot_bytes": 0,
      "snapshot_ratio": 0.0,
      "snapshot_seconds": 0.0000836800318211317,
      "total_blocks": 73886
    }
  ]
}
