{
  "device": "NVIDIA RTX PRO 6000 Blackwell Max-Q Workstation Edition",
  "source_files": [
    "exp/kv_pause_20260719/keep_gpu_result.json",
    "exp/kv_pause_20260719/kv_pause_strategies.json"
  ],
  "results": [
    {
      "active_blocks": 2048,
      "active_state_bytes": 225003520,
      "allocated_kv_bytes": 8117485390,
      "arm": "keep_gpu",
      "block_bytes": 109865,
      "exact_active_state": true,
      "gpu_free_before_bytes": 101339627520,
      "gpu_reclaimed_bytes": 0,
      "gpu_total_bytes": 101974081536,
      "hold_seconds": 300.0001042999793,
      "interruption_seconds": 0.00012266007252037525,
      "pause_seconds": 300.0,
      "peak_gpu_bytes": 8118091776,
      "pressure_admitted": false,
      "pressure_bytes": 96636764160,
      "restore_seconds": 3.8980040699243546e-05,
      "snapshot_bytes": 0,
      "snapshot_ratio": 0.0,
      "snapshot_seconds": 8.36800318211317e-05,
      "total_blocks": 73886
    },
    {
      "arm": "full_ssd",
      "pause_seconds": 300.0,
      "allocated_kv_bytes": 8117485390,
      "active_state_bytes": 225003520,
      "active_blocks": 2048,
      "total_blocks": 73886,
      "block_bytes": 109865,
      "pressure_bytes": 96636764160,
      "gpu_total_bytes": 101974081536,
      "gpu_free_before_bytes": 101339627520,
      "device_to_host_seconds": 5.892003968125209,
      "ssd_write_seconds": 7.407778150169179,
      "snapshot_bytes": 8117485390,
      "snapshot_seconds": 13.299918189179152,
      "gpu_reclaimed_bytes": 8117485390,
      "pressure_admitted": true,
      "hold_seconds": 300.0001071449369,
      "ssd_read_seconds": 6.153551141964272,
      "restore_seconds": 8.36634332803078,
      "exact_active_state": true,
      "peak_gpu_bytes": 96636780544,
      "interruption_seconds": 21.666261517209932,
      "snapshot_ratio": 1.0
    },
    {
      "arm": "active_ssd",
      "pause_seconds": 300.0,
      "allocated_kv_bytes": 8117485390,
      "active_state_bytes": 225003520,
      "active_blocks": 2048,
      "total_blocks": 73886,
      "block_bytes": 109865,
      "pressure_bytes": 96636764160,
      "gpu_total_bytes": 101974081536,
      "gpu_free_before_bytes": 101226381312,
      "device_to_host_seconds": 0.1585750230588019,
      "snapshot_bytes": 225003520,
      "ssd_write_seconds": 0.18184318696148694,
      "snapshot_seconds": 0.3404539399780333,
      "gpu_reclaimed_bytes": 8117485390,
      "pressure_admitted": true,
      "hold_seconds": 300.0001089188736,
      "ssd_read_seconds": 0.18141446192748845,
      "restore_seconds": 0.5378730681259185,
      "exact_active_state": true,
      "peak_gpu_bytes": 96636780544,
      "interruption_seconds": 0.8783270081039518,
      "snapshot_ratio": 0.027718376959099154
    },
    {
      "arm": "active_cpu",
      "pause_seconds": 300.0,
      "allocated_kv_bytes": 8117485390,
      "active_state_bytes": 225003520,
      "active_blocks": 2048,
      "total_blocks": 73886,
      "block_bytes": 109865,
      "pressure_bytes": 96636764160,
      "gpu_total_bytes": 101974081536,
      "gpu_free_before_bytes": 101226381312,
      "device_to_host_seconds": 0.12904935097321868,
      "snapshot_bytes": 225003520,
      "snapshot_seconds": 0.12905968399718404,
      "gpu_reclaimed_bytes": 8117485390,
      "pressure_admitted": true,
      "hold_seconds": 300.00009237998165,
      "restore_seconds": 0.39503053086809814,
      "exact_active_state": true,
      "peak_gpu_bytes": 96636780544,
      "interruption_seconds": 0.5240902148652822,
      "snapshot_ratio": 0.027718376959099154
    }
  ]
}