active_blocks,active_state_bytes,allocated_kv_bytes,arm,block_bytes,device_to_host_seconds,exact_active_state,gpu_free_before_bytes,gpu_reclaimed_bytes,gpu_total_bytes,hold_seconds,interruption_seconds,pause_seconds,peak_gpu_bytes,pressure_admitted,pressure_bytes,restore_seconds,snapshot_bytes,snapshot_ratio,snapshot_seconds,ssd_read_seconds,ssd_write_seconds,total_blocks
2048,225003520,8117485390,keep_gpu,109865,,True,101339627520,0,101974081536,300.0001042999793,0.00012266007252037525,300.0,8118091776,False,96636764160,3.8980040699243546e-05,0,0.0,8.36800318211317e-05,,,73886
2048,225003520,8117485390,full_ssd,109865,5.892003968125209,True,101339627520,8117485390,101974081536,300.0001071449369,21.666261517209932,300.0,96636780544,True,96636764160,8.36634332803078,8117485390,1.0,13.299918189179152,6.153551141964272,7.407778150169179,73886
2048,225003520,8117485390,active_ssd,109865,0.1585750230588019,True,101226381312,8117485390,101974081536,300.0001089188736,0.8783270081039518,300.0,96636780544,True,96636764160,0.5378730681259185,225003520,0.027718376959099154,0.3404539399780333,0.18141446192748845,0.18184318696148694,73886
2048,225003520,8117485390,active_cpu,109865,0.12904935097321868,True,101226381312,8117485390,101974081536,300.00009237998165,0.5240902148652822,300.0,96636780544,True,96636764160,0.39503053086809814,225003520,0.027718376959099154,0.12905968399718404,,,73886
