arm,label,seconds,gib,speedup_vs_files,speedup_vs_pack
naive_full_files,"Naive full
20,480 files",56.52649194514379,59.07929773628712,1.0,0.7875822487816387
naive_full_pack,"Full
sequential pack",44.519261641893536,59.07929773628712,1.2697086577902992,1.0
moe_hot_files,"MoE hot
files",28.041228774003685,30.061783210374415,2.0158350549013058,1.5876359057120286
moe_hot_pack,"MoE hot
sequential pack",21.862546795979142,30.061783210374415,2.5855401236026117,2.036325504862101
