arm,slots_per_layer,rounds,mean_transition_ms,mean_transition_gap_ms,mean_memory_reclaim_mib,mean_tpot_ms,tpot_slowdown,misses_per_text_event,mean_bytes_loaded_mib,successful_output_rate
resident_baseline,384,3,0.0,0.0,0.0,216.20622234315508,1.0,36.68817204301075,3358.6961771647134,1.0
pause_only,384,3,214.09111035366854,214.58509595443806,0.0,219.30748388718163,1.0143439976445467,36.98888888888889,3276.9928410847983,1.0
pause_evict_383,383,3,324.6191709768027,325.3706767378996,0.0,222.40904468067345,1.0286893793818452,37.78888888888889,3347.868024190267,1.0
pause_evict_382,382,3,322.72575912065804,323.15761456266046,0.0,228.1755623851149,1.0553607565602923,38.4,3402.0087890625,1.0
pause_evict_380,380,3,333.4170263260603,333.88701430521905,0.0,223.9786594152628,1.0359491830895209,37.68888888888889,3339.0086263020835,1.0
