history_tokens,expert_reuse_coverage,mean_history_working_set_per_layer,expert_accesses
1,0.3373052890961894,22.0,909040
2,0.42577884361524243,36.43131655372701,909040
4,0.5186768459033706,60.044070667957406,909040
8,0.6369059667341371,97.41207647628268,909040
16,0.7370687758514477,153.07115198451115,909040
32,0.8290438264542814,237.02035333978702,909040
64,0.9073880137287688,331.2142545982575,909040
128,0.9548259702543342,401.27521781219747,909040
