physical_slots_per_layer,rounds,mean_gpu_memory_mib,mean_tpot_ms,misses_per_text_event,successful_output_rate,tpot_slowdown,measured_gpu_reclaim_mib
384,3,66144.0,206.78586046625344,39.61290322580645,1.0,1.0,0.0
320,3,58624.0,381.86399884677184,116.03225806451613,1.0,1.8466639739572057,7520.0
