{
  "schema_version": 1,
  "created_at": "2026-07-19T17:16:48.743838+08:00",
  "model": "nvidia/nemotron-3-super",
  "model_path": "/mnt/ssd-storage/shared_models/NVIDIA-Nemotron-3-Super-120B-A12B-NVFP4",
  "profiles": [
    256,
    320,
    384,
    448,
    480,
    496,
    504,
    512
  ],
  "policies": [
    "lru",
    "window_lfu"
  ],
  "prefix_tail_tokens": 128,
  "io_gib_s": 0.5,
  "baseline_tpot_ms": 100.0,
  "heldout_window_tokens": 256,
  "miss_batch_p95_curve_ms": {
    "1": 0.477,
    "2": 0.784,
    "4": 1.513,
    "8": 2.863,
    "16": 26.223,
    "22": 42.71,
    "32": 43.897
  },
  "evidence": "live_full_resident_routes_with_offline_exact_cache_replay",
  "datasets": {
    "mqa": {
      "path": "test_data/mqa.jsonl",
      "source_sha256": "e3769156229ea3801f23dec41304547171398d9a8537d6bf3975b36823e872fe",
      "completed_samples": 50,
      "errors": 0,
      "f1": 0.5420369257934652,
      "wall_request_seconds": 100.36764956591651,
      "prompt_tokens": 362074,
      "completion_tokens": 592,
      "captured_decode_tokens": 542,
      "route_file_bytes": 8586865,
      "simulations": {
        "lru:256": {
          "policy": "lru",
          "slots_per_layer": 256,
          "samples": 50,
          "expert_accesses": 476960,
          "resident_hits": 383007,
          "blocking_misses": 93953,
          "byte_hit_rate": 0.8030170244884267,
          "miss_gib": 270.95350266993046,
          "network_seconds_lower_bound": 541.9070053398609,
          "misses_per_token": 173.3450184501845,
          "estimated_miss_ms_per_token": 999.8284231362748,
          "estimated_slowdown_ratio": 10.998284231362748,
          "evidence": "offline_replay_of_live_full_resident_routes"
        },
        "lru:320": {
          "policy": "lru",
          "slots_per_layer": 320,
          "samples": 50,
          "expert_accesses": 476960,
          "resident_hits": 411622,
          "blocking_misses": 65338,
          "byte_hit_rate": 0.8630115732975512,
          "miss_gib": 188.4299592077732,
          "network_seconds_lower_bound": 376.8599184155464,
          "misses_per_token": 120.54981549815498,
          "estimated_miss_ms_per_token": 695.3135026117093,
          "estimated_slowdown_ratio": 7.953135026117093,
          "evidence": "offline_replay_of_live_full_resident_routes"
        },
        "lru:384": {
          "policy": "lru",
          "slots_per_layer": 384,
          "samples": 50,
          "expert_accesses": 476960,
          "resident_hits": 436071,
          "blocking_misses": 40889,
          "byte_hit_rate": 0.9142716370345522,
          "miss_gib": 117.92085160315037,
          "network_seconds_lower_bound": 235.84170320630074,
          "misses_per_token": 75.4409594095941,
          "estimated_miss_ms_per_token": 435.1322937385622,
          "estimated_slowdown_ratio": 5.351322937385622,
          "evidence": "offline_replay_of_live_full_resident_routes"
        },
        "lru:448": {
          "policy": "lru",
          "slots_per_layer": 448,
          "samples": 50,
          "expert_accesses": 476960,
          "resident_hits": 457400,
          "blocking_misses": 19560,
          "byte_hit_rate": 0.958990271720899,
          "miss_gib": 56.40959322452545,
          "network_seconds_lower_bound": 112.8191864490509,
          "misses_per_token": 36.08856088560886,
          "estimated_miss_ms_per_token": 208.15348053330425,
          "estimated_slowdown_ratio": 3.0815348053330425,
          "evidence": "offline_replay_of_live_full_resident_routes"
        },
        "lru:480": {
          "policy": "lru",
          "slots_per_layer": 480,
          "samples": 50,
          "expert_accesses": 476960,
          "resident_hits": 467191,
          "blocking_misses": 9769,
          "byte_hit_rate": 0.9795181985910768,
          "miss_gib": 28.173073425889015,
          "network_seconds_lower_bound": 56.34614685177803,
          "misses_per_token": 18.023985239852397,
          "estimated_miss_ms_per_token": 103.95968053833585,
          "estimated_slowdown_ratio": 2.0395968053833586,
          "evidence": "offline_replay_of_live_full_resident_routes"
        },
        "lru:496": {
          "policy": "lru",
          "slots_per_layer": 496,
          "samples": 50,
          "expert_accesses": 476960,
          "resident_hits": 471917,
          "blocking_misses": 5043,
          "byte_hit_rate": 0.9894267863133177,
          "miss_gib": 14.543638989329338,
          "network_seconds_lower_bound": 29.087277978658676,
          "misses_per_token": 9.304428044280442,
          "estimated_miss_ms_per_token": 53.66656453627062,
          "estimated_slowdown_ratio": 1.5366656453627061,
          "evidence": "offline_replay_of_live_full_resident_routes"
        },
        "lru:504": {
          "policy": "lru",
          "slots_per_layer": 504,
          "samples": 50,
          "expert_accesses": 476960,
          "resident_hits": 474496,
          "blocking_misses": 2464,
          "byte_hit_rate": 0.9948339483394834,
          "miss_gib": 7.105993747711182,
          "network_seconds_lower_bound": 14.211987495422363,
          "misses_per_token": 4.546125461254612,
          "estimated_miss_ms_per_token": 26.221379142845688,
          "estimated_slowdown_ratio": 1.2622137914284568,
          "evidence": "offline_replay_of_live_full_resident_routes"
        },
        "lru:512": {
          "policy": "lru",
          "slots_per_layer": 512,
          "samples": 50,
          "expert_accesses": 476960,
          "resident_hits": 476960,
          "blocking_misses": 0,
          "byte_hit_rate": 1.0,
          "miss_gib": 0.0,
          "network_seconds_lower_bound": 0.0,
          "misses_per_token": 0.0,
          "estimated_miss_ms_per_token": 0.0,
          "estimated_slowdown_ratio": 1.0,
          "evidence": "offline_replay_of_live_full_resident_routes"
        },
        "window_lfu:256": {
          "policy": "window_lfu",
          "slots_per_layer": 256,
          "samples": 50,
          "expert_accesses": 476960,
          "resident_hits": 377633,
          "blocking_misses": 99327,
          "byte_hit_rate": 0.79174983227105,
          "miss_gib": 286.4517211765051,
          "network_seconds_lower_bound": 572.9034423530102,
          "misses_per_token": 183.260147601476,
          "estimated_miss_ms_per_token": 1057.017421315517,
          "estimated_slowdown_ratio": 11.57017421315517,
          "evidence": "offline_replay_of_live_full_resident_routes"
        },
        "window_lfu:320": {
          "policy": "window_lfu",
          "slots_per_layer": 320,
          "samples": 50,
          "expert_accesses": 476960,
          "resident_hits": 412392,
          "blocking_misses": 64568,
          "byte_hit_rate": 0.8646259644414626,
          "miss_gib": 186.20933616161346,
          "network_seconds_lower_bound": 372.41867232322693,
          "misses_per_token": 119.12915129151291,
          "estimated_miss_ms_per_token": 687.11932162957,
          "estimated_slowdown_ratio": 7.8711932162956995,
          "evidence": "offline_replay_of_live_full_resident_routes"
        },
        "window_lfu:384": {
          "policy": "window_lfu",
          "slots_per_layer": 384,
          "samples": 50,
          "expert_accesses": 476960,
          "resident_hits": 439076,
          "blocking_misses": 37884,
          "byte_hit_rate": 0.9205719557195572,
          "miss_gib": 109.25465387105942,
          "network_seconds_lower_bound": 218.50930774211884,
          "misses_per_token": 69.89667896678966,
          "estimated_miss_ms_per_token": 403.15370432125246,
          "estimated_slowdown_ratio": 5.031537043212524,
          "evidence": "offline_replay_of_live_full_resident_routes"
        },
        "window_lfu:448": {
          "policy": "window_lfu",
          "slots_per_layer": 448,
          "samples": 50,
          "expert_accesses": 476960,
          "resident_hits": 459753,